REGION,YEAR,South-West Monsoon,North-East Monsoon,S-W prev1,S-W prev2,S-W prev3,N-E prev1,N-E prev2,N-E prev3
EAST,1901,9872.6,990.5999999999999,0.0,0.0,0.0,0.0,0.0,0.0
EAST,1902,11304.800000000001,503.50000000000006,9872.6,0.0,0.0,990.5999999999999,0.0,0.0
EAST,1903,10283.900000000001,1622.6,11304.800000000001,9872.6,0.0,503.50000000000006,0.0,0.0
EAST,1904,10624.1,992.5999999999999,10283.900000000001,11304.800000000001,9872.6,1622.6,990.5999999999999,0.0
EAST,1905,11507.3,827.5000000000001,10624.1,10283.900000000001,11304.800000000001,992.5999999999999,503.50000000000006,990.5999999999999
EAST,1906,10964.1,1014.1,11507.3,10624.1,10283.900000000001,827.5000000000001,1622.6,503.50000000000006
EAST,1907,10921.400000000001,433.2,10964.1,11507.3,10624.1,1014.1,992.5999999999999,1622.6
EAST,1908,10290.5,565.3000000000001,10921.400000000001,10964.1,11507.3,433.2,827.5000000000001,992.5999999999999
EAST,1909,11513.1,980.6,10290.5,10921.400000000001,10964.1,565.3000000000001,1014.1,827.5000000000001
EAST,1910,12001.8,1322.9,11513.1,10290.5,10921.400000000001,980.6,433.2,1014.1
EAST,1911,11865.699999999999,1537.8999999999999,12001.8,11513.1,10290.5,1322.9,565.3000000000001,433.2
EAST,1912,10153.1,1220.4999999999998,11865.699999999999,12001.8,11513.1,1537.8999999999999,980.6,565.3000000000001
EAST,1913,11636.2,1387.3999999999999,10153.1,11865.699999999999,12001.8,1220.4999999999998,1322.9,980.6
EAST,1914,10475.2,480.0999999999999,11636.2,10153.1,11865.699999999999,1387.3999999999999,1537.8999999999999,1322.9
EAST,1915,10646.5,1304.8,10475.2,11636.2,10153.1,480.0999999999999,1220.4999999999998,1537.8999999999999
EAST,1916,14577.600000000002,2469.2999999999997,10646.5,10475.2,11636.2,1304.8,1387.3999999999999,1220.4999999999998
EAST,1917,14370.9,2404.6,14577.600000000002,10646.5,10475.2,2469.2999999999997,480.0999999999999,1387.3999999999999
EAST,1918,16991.399999999998,443.1999999999999,14370.9,14577.600000000002,10646.5,2404.6,1304.8,480.0999999999999
EAST,1919,14410.1,2200.1,16991.399999999998,14370.9,14577.600000000002,443.1999999999999,2469.2999999999997,1304.8
EAST,1920,13987.0,718.1000000000001,14410.1,16991.399999999998,14370.9,2200.1,2404.6,2469.2999999999997
EAST,1921,16048.699999999999,1105.9999999999998,13987.0,14410.1,16991.399999999998,718.1000000000001,443.1999999999999,2404.6
EAST,1922,15547.0,1308.0000000000002,16048.699999999999,13987.0,14410.1,1105.9999999999998,2200.1,443.1999999999999
EAST,1923,13128.599999999999,1061.8,15547.0,16048.699999999999,13987.0,1308.0000000000002,718.1000000000001,2200.1
EAST,1924,14631.300000000003,2094.0,13128.599999999999,15547.0,16048.699999999999,1061.8,1105.9999999999998,718.1000000000001
EAST,1925,14375.4,1127.8,14631.300000000003,13128.599999999999,15547.0,2094.0,1308.0000000000002,1105.9999999999998
EAST,1926,13902.900000000001,1308.2,14375.4,14631.300000000003,13128.599999999999,1127.8,1061.8,1308.0000000000002
EAST,1927,15214.599999999999,1505.0,13902.900000000001,14375.4,14631.300000000003,1308.2,2094.0,1061.8
EAST,1928,15040.600000000002,2367.2,15214.599999999999,13902.900000000001,14375.4,1505.0,1127.8,2094.0
EAST,1929,14067.7,2493.3,15040.600000000002,15214.599999999999,13902.900000000001,2367.2,1308.2,1127.8
EAST,1930,13373.400000000001,1981.6999999999998,14067.7,15040.600000000002,15214.599999999999,2493.3,1505.0,1308.2
EAST,1931,14340.599999999999,1814.4,13373.400000000001,14067.7,15040.600000000002,1981.6999999999998,2367.2,1505.0
EAST,1932,13960.699999999997,1893.4,14340.599999999999,13373.400000000001,14067.7,1814.4,2493.3,2367.2
EAST,1933,14555.199999999999,1214.9,13960.699999999997,14340.599999999999,13373.400000000001,1893.4,1981.6999999999998,2493.3
EAST,1934,14666.9,1570.4,14555.199999999999,13960.699999999997,14340.599999999999,1214.9,1814.4,1981.6999999999998
EAST,1935,15014.5,374.0,14666.9,14555.199999999999,13960.699999999997,1570.4,1893.4,1814.4
EAST,1936,15657.099999999999,1682.0,15014.5,14666.9,14555.199999999999,374.0,1214.9,1893.4
EAST,1937,13358.5,1683.8999999999999,15657.099999999999,15014.5,14666.9,1682.0,1570.4,1214.9
EAST,1938,16546.6,1450.4,13358.5,15657.099999999999,15014.5,1683.8999999999999,374.0,1570.4
EAST,1939,14537.6,1479.3000000000002,16546.6,13358.5,15657.099999999999,1450.4,1682.0,374.0
EAST,1940,13398.300000000001,874.5,14537.6,16546.6,13358.5,1479.3000000000002,1683.8999999999999,1682.0
EAST,1941,14038.6,1539.1999999999998,13398.300000000001,14537.6,16546.6,874.5,1450.4,1683.8999999999999
EAST,1942,14300.499999999998,739.9,14038.6,13398.300000000001,14537.6,1539.1999999999998,1479.3000000000002,1450.4
EAST,1943,14619.7,807.5999999999999,14300.499999999998,14038.6,13398.300000000001,739.9,874.5,1479.3000000000002
EAST,1944,14012.500000000004,1250.5000000000002,14619.7,14300.499999999998,14038.6,807.5999999999999,1539.1999999999998,874.5
EAST,1945,13716.199999999999,1747.5,14012.500000000004,14619.7,14300.499999999998,1250.5000000000002,739.9,1539.1999999999998
EAST,1946,14387.599999999999,2105.2999999999997,13716.199999999999,14012.500000000004,14619.7,1747.5,807.5999999999999,739.9
EAST,1947,14336.300000000001,1646.1000000000001,14387.599999999999,13716.199999999999,14012.500000000004,2105.2999999999997,1250.5000000000002,807.5999999999999
EAST,1948,15536.100000000002,1738.6000000000004,14336.300000000001,14387.599999999999,13716.199999999999,1646.1000000000001,1747.5,1250.5000000000002
EAST,1949,14872.699999999997,1653.6000000000001,15536.100000000002,14336.300000000001,14387.599999999999,1738.6000000000004,2105.2999999999997,1747.5
EAST,1950,12932.600000000002,1578.3,14872.699999999997,15536.100000000002,14336.300000000001,1653.6000000000001,1646.1000000000001,2105.2999999999997
EAST,1951,12119.900000000001,1670.3000000000002,12932.600000000002,14872.699999999997,15536.100000000002,1578.3,1738.6000000000004,1646.1000000000001
EAST,1952,13101.099999999999,1746.5,12119.900000000001,12932.600000000002,14872.699999999997,1670.3000000000002,1653.6000000000001,1738.6000000000004
EAST,1953,13522.8,995.6000000000001,13101.099999999999,12119.900000000001,12932.600000000002,1746.5,1578.3,1653.6000000000001
EAST,1954,11337.099999999997,873.2999999999998,13522.8,13101.099999999999,12119.900000000001,995.6000000000001,1670.3000000000002,1578.3
EAST,1955,11546.600000000002,1583.8999999999999,11337.099999999997,13522.8,13101.099999999999,873.2999999999998,1746.5,1670.3000000000002
EAST,1956,12259.6,1581.2,11546.600000000002,11337.099999999997,13522.8,1583.8999999999999,995.6000000000001,1746.5
EAST,1957,13030.900000000001,711.9999999999999,12259.6,11546.600000000002,11337.099999999997,1581.2,873.2999999999998,995.6000000000001
EAST,1958,13606.1,2063.1,13030.900000000001,12259.6,11546.600000000002,711.9999999999999,1583.8999999999999,873.2999999999998
EAST,1959,13248.7,2354.8,13606.1,13030.900000000001,12259.6,2063.1,1581.2,1583.8999999999999
EAST,1960,14338.0,837.8999999999999,13248.7,13606.1,13030.900000000001,2354.8,711.9999999999999,1581.2
EAST,1961,12939.199999999999,1566.0,14338.0,13248.7,13606.1,837.8999999999999,2063.1,711.9999999999999
EAST,1962,13251.800000000001,1169.9,12939.199999999999,14338.0,13248.7,1566.0,2354.8,2063.1
EAST,1963,14327.6,1752.8,13251.800000000001,12939.199999999999,14338.0,1169.9,837.8999999999999,2354.8
EAST,1964,14939.199999999999,1531.4,14327.6,13251.800000000001,12939.199999999999,1752.8,1566.0,837.8999999999999
EAST,1965,11334.6,818.9999999999999,14939.199999999999,14327.6,13251.800000000001,1531.4,1169.9,1566.0
EAST,1966,11762.4,1162.6000000000001,11334.6,14939.199999999999,14327.6,818.9999999999999,1752.8,1169.9
EAST,1967,11755.7,738.9,11762.4,11334.6,14939.199999999999,1162.6000000000001,1531.4,1752.8
EAST,1968,12695.2,1386.4,11755.7,11762.4,11334.6,738.9,818.9999999999999,1531.4
EAST,1969,13438.2,706.5,12695.2,11755.7,11762.4,1386.4,1162.6000000000001,818.9999999999999
EAST,1970,14250.5,1420.7000000000003,13438.2,12695.2,11755.7,706.5,738.9,1162.6000000000001
EAST,1971,13936.4,2000.1,14250.5,13438.2,12695.2,1420.7000000000003,1386.4,738.9
EAST,1972,10380.000000000002,820.4,13936.4,14250.5,13438.2,2000.1,706.5,1386.4
EAST,1973,11948.7,2307.2000000000003,10380.000000000002,13936.4,14250.5,820.4,1420.7000000000003,706.5
EAST,1974,13281.600000000002,1376.3000000000002,11948.7,10380.000000000002,13936.4,2307.2000000000003,2000.1,1420.7000000000003
EAST,1975,11841.8,1850.0000000000002,13281.600000000002,11948.7,10380.000000000002,1376.3000000000002,820.4,2000.1
EAST,1976,12230.5,822.0,11841.8,13281.600000000002,11948.7,1850.0000000000002,2307.2000000000003,820.4
EAST,1977,12688.1,1898.4,12230.5,11841.8,13281.600000000002,822.0,1376.3000000000002,2307.2000000000003
EAST,1978,12201.900000000001,1227.3,12688.1,12230.5,11841.8,1898.4,1850.0000000000002,1376.3000000000002
EAST,1979,10515.300000000001,1660.7000000000003,12201.900000000001,12688.1,12230.5,1227.3,822.0,1850.0000000000002
EAST,1980,13340.899999999998,1046.6,10515.300000000001,12201.900000000001,12688.1,1660.7000000000003,1898.4,822.0
EAST,1981,12171.3,539.3,13340.899999999998,10515.300000000001,12201.900000000001,1046.6,1227.3,1898.4
EAST,1982,11331.9,774.4000000000001,12171.3,13340.899999999998,10515.300000000001,539.3,1660.7000000000003,1227.3
EAST,1983,12516.0,1377.3999999999999,11331.9,12171.3,13340.899999999998,774.4000000000001,1046.6,1660.7000000000003
EAST,1984,14077.300000000003,1111.5000000000002,12516.0,11331.9,12171.3,1377.3999999999999,539.3,1046.6
EAST,1985,13202.100000000002,1372.7,14077.300000000003,12516.0,11331.9,1111.5000000000002,774.4000000000001,539.3
EAST,1986,12162.2,2338.1,13202.100000000002,14077.300000000003,12516.0,1372.7,1377.3999999999999,774.4000000000001
EAST,1987,14682.000000000002,1291.4,12162.2,13202.100000000002,14077.300000000003,2338.1,1111.5000000000002,1377.3999999999999
EAST,1988,14503.8,1516.4000000000003,14682.000000000002,12162.2,13202.100000000002,1291.4,1372.7,1111.5000000000002
EAST,1989,13392.5,1412.8000000000002,14503.8,14682.000000000002,12162.2,1516.4000000000003,2338.1,1372.7
EAST,1990,14239.400000000001,1872.1000000000001,13392.5,14503.8,14682.000000000002,1412.8000000000002,1291.4,2338.1
EAST,1991,13646.0,1536.0000000000002,14239.400000000001,13392.5,14503.8,1872.1000000000001,1516.4000000000003,1291.4
EAST,1992,11511.3,1024.3000000000002,13646.0,14239.400000000001,13392.5,1536.0000000000002,1412.8000000000002,1516.4000000000003
EAST,1993,13805.100000000002,1242.3999999999999,11511.3,13646.0,14239.400000000001,1024.3000000000002,1872.1000000000001,1412.8000000000002
EAST,1994,11504.9,998.0000000000001,13805.100000000002,11511.3,13646.0,1242.3999999999999,1536.0000000000002,1872.1000000000001
EAST,1995,14379.900000000001,1653.6999999999998,11504.9,13805.100000000002,11511.3,998.0000000000001,1024.3000000000002,1536.0000000000002
EAST,1996,11823.7,1144.2,14379.900000000001,11504.9,13805.100000000002,1653.6999999999998,1242.3999999999999,1024.3000000000002
EAST,1997,12974.1,977.6999999999999,11823.7,14379.900000000001,11504.9,1144.2,998.0000000000001,1242.3999999999999
EAST,1998,13967.1,1698.1,12974.1,11823.7,14379.900000000001,977.6999999999999,1653.6999999999998,998.0000000000001
EAST,1999,13613.5,1786.2999999999997,13967.1,12974.1,11823.7,1698.1,1144.2,1653.6999999999998
EAST,2000,11942.7,708.7,13613.5,13967.1,12974.1,1786.2999999999997,977.6999999999999,1144.2
EAST,2001,11605.599999999999,1756.4,11942.7,13613.5,13967.1,708.7,1698.1,977.6999999999999
EAST,2002,11264.699999999999,913.1,11605.599999999999,11942.7,13613.5,1756.4,1786.2999999999997,1698.1
EAST,2003,12142.7,2254.8,11264.699999999999,11605.599999999999,11942.7,913.1,708.7,1786.2999999999997
EAST,2004,12177.3,1517.8000000000002,12142.7,11264.699999999999,11605.599999999999,2254.8,1756.4,708.7
EAST,2005,10786.7,1694.8999999999999,12177.3,12142.7,11264.699999999999,1517.8000000000002,913.1,1756.4
EAST,2006,11877.4,742.2,10786.7,12177.3,12142.7,1694.8999999999999,2254.8,913.1
EAST,2007,14702.7,1048.2,11877.4,10786.7,12177.3,742.2,1517.8000000000002,2254.8
EAST,2008,12547.0,702.6999999999999,14702.7,11877.4,10786.7,1048.2,1694.8999999999999,1517.8000000000002
EAST,2009,9838.199999999999,1189.3,12547.0,14702.7,11877.4,702.6999999999999,742.2,1694.8999999999999
EAST,2010,10774.300000000001,1205.9999999999998,9838.199999999999,12547.0,14702.7,1189.3,1048.2,742.2
EAST,2011,11794.300000000001,416.69999999999993,10774.300000000001,9838.199999999999,12547.0,1205.9999999999998,702.6999999999999,1048.2
EAST,2012,12745.499999999996,1304.6000000000001,11794.300000000001,10774.300000000001,9838.199999999999,416.69999999999993,1189.3,702.6999999999999
EAST,2013,10045.9,2072.2,12745.499999999996,11794.300000000001,10774.300000000001,1304.6000000000001,1205.9999999999998,1189.3
EAST,2014,11707.000000000002,564.9000000000001,10045.9,12745.499999999996,11794.300000000001,2072.2,416.69999999999993,1205.9999999999998
EAST,2015,11867.0,583.2,11707.000000000002,10045.9,12745.499999999996,564.9000000000001,1304.6000000000001,416.69999999999993
NORTH,1901,4604.799999999999,130.4,11867.0,11707.000000000002,10045.9,583.2,2072.2,1304.6000000000001
NORTH,1902,4455.1,164.5,4604.799999999999,11867.0,11707.000000000002,130.4,564.9000000000001,2072.2
NORTH,1903,4666.299999999999,708.7999999999998,4455.1,4604.799999999999,11867.0,164.5,583.2,564.9000000000001
NORTH,1904,4594.2,563.6,4666.299999999999,4455.1,4604.799999999999,708.7999999999998,130.4,583.2
NORTH,1905,3600.5999999999995,175.40000000000003,4594.2,4666.299999999999,4455.1,563.6,164.5,130.4
NORTH,1906,5658.299999999999,126.5,3600.5999999999995,4594.2,4666.299999999999,175.40000000000003,708.7999999999998,164.5
NORTH,1907,3197.9,33.8,5658.299999999999,3600.5999999999995,4594.2,126.5,563.6,708.7999999999998
NORTH,1908,5114.0,161.8,3197.9,5658.299999999999,3600.5999999999995,33.8,175.40000000000003,563.6
NORTH,1909,6091.8,414.20000000000005,5114.0,3197.9,5658.299999999999,161.8,126.5,175.40000000000003
NORTH,1910,5901.799999999999,849.9999999999999,6091.8,5114.0,3197.9,414.20000000000005,33.8,126.5
NORTH,1911,4096.200000000001,625.3,5901.799999999999,6091.8,5114.0,849.9999999999999,161.8,33.8
NORTH,1912,4768.599999999999,228.10000000000002,4096.200000000001,5901.799999999999,6091.8,625.3,414.20000000000005,161.8
NORTH,1913,3702.5,317.9,4768.599999999999,4096.200000000001,5901.799999999999,228.10000000000002,849.9999999999999,414.20000000000005
NORTH,1914,6312.9,584.0,3702.5,4768.599999999999,4096.200000000001,317.9,625.3,849.9999999999999
NORTH,1915,4819.0,270.9,6312.9,3702.5,4768.599999999999,584.0,228.10000000000002,625.3
NORTH,1916,6170.9,412.6,4819.0,6312.9,3702.5,270.9,317.9,228.10000000000002
NORTH,1917,7187.200000000001,960.3000000000001,6170.9,4819.0,6312.9,412.6,584.0,317.9
NORTH,1918,3203.9999999999995,256.1,7187.200000000001,6170.9,4819.0,960.3000000000001,270.9,584.0
NORTH,1919,5066.0,391.79999999999995,3203.9999999999995,7187.200000000001,6170.9,256.1,412.6,270.9
NORTH,1920,4024.8999999999996,97.30000000000001,5066.0,3203.9999999999995,7187.200000000001,391.79999999999995,960.3000000000001,412.6
NORTH,1921,5742.8,578.9,4024.8999999999996,5066.0,3203.9999999999995,97.30000000000001,256.1,960.3000000000001
NORTH,1922,6599.3,325.20000000000005,5742.8,4024.8999999999996,5066.0,578.9,391.79999999999995,256.1
NORTH,1923,5351.9,705.0,6599.3,5742.8,4024.8999999999996,325.20000000000005,97.30000000000001,391.79999999999995
NORTH,1924,6169.2,608.2,5351.9,6599.3,5742.8,705.0,578.9,97.30000000000001
NORTH,1925,5928.799999999999,341.2,6169.2,5351.9,6599.3,608.2,325.20000000000005,578.9
NORTH,1926,5180.4,176.3,5928.799999999999,6169.2,5351.9,341.2,705.0,325.20000000000005
NORTH,1927,5000.4,687.1999999999999,5180.4,5928.799999999999,6169.2,176.3,608.2,705.0
NORTH,1928,3690.6,712.6,5000.4,5180.4,5928.799999999999,687.1999999999999,341.2,608.2
NORTH,1929,4348.299999999999,910.8,3690.6,5000.4,5180.4,712.6,176.3,341.2
NORTH,1930,4885.0,263.0,4348.299999999999,3690.6,5000.4,910.8,687.1999999999999,176.3
NORTH,1931,4925.4,468.5,4885.0,4348.299999999999,3690.6,263.0,712.6,687.1999999999999
NORTH,1932,4900.7,363.0,4925.4,4885.0,4348.299999999999,468.5,910.8,712.6
NORTH,1933,5652.2,471.4,4900.7,4925.4,4885.0,363.0,263.0,910.8
NORTH,1934,4779.1,237.60000000000002,5652.2,4900.7,4925.4,471.4,468.5,263.0
NORTH,1935,4288.6,290.6,4779.1,5652.2,4900.7,237.60000000000002,363.0,468.5
NORTH,1936,6217.599999999999,518.2,4288.6,4779.1,5652.2,290.6,471.4,363.0
NORTH,1937,4659.2,573.3,6217.599999999999,4288.6,4779.1,518.2,237.60000000000002,471.4
NORTH,1938,4605.500000000001,173.1,4659.2,6217.599999999999,4288.6,573.3,290.6,237.60000000000002
NORTH,1939,3916.1,141.3,4605.500000000001,4659.2,6217.599999999999,173.1,518.2,290.6
NORTH,1940,4250.599999999999,151.89999999999998,3916.1,4605.500000000001,4659.2,141.3,573.3,518.2
NORTH,1941,3705.5,264.5,4250.599999999999,3916.1,4605.500000000001,151.89999999999998,173.1,573.3
NORTH,1942,6043.5,319.2,3705.5,4250.599999999999,3916.1,264.5,141.3,173.1
NORTH,1943,4946.9,69.1,6043.5,3705.5,4250.599999999999,319.2,151.89999999999998,141.3
NORTH,1944,4215.299999999999,385.4,4946.9,6043.5,3705.5,69.1,264.5,151.89999999999998
NORTH,1945,5844.0,356.0,4215.299999999999,4946.9,6043.5,385.4,319.2,264.5
NORTH,1946,5010.0,763.3,5844.0,4215.299999999999,4946.9,356.0,69.1,319.2
NORTH,1947,5261.0,300.4,5010.0,5844.0,4215.299999999999,763.3,385.4,69.1
NORTH,1948,5843.8,376.90000000000003,5261.0,5010.0,5844.0,300.4,356.0,385.4
NORTH,1949,5149.099999999999,237.1,5843.8,5261.0,5010.0,376.90000000000003,763.3,356.0
NORTH,1950,6230.400000000001,83.1,5149.099999999999,5843.8,5261.0,237.1,300.4,763.3
NORTH,1951,3832.2999999999993,344.5,6230.400000000001,5149.099999999999,5843.8,83.1,376.90000000000003,300.4
NORTH,1952,5063.500000000001,195.9,3832.2999999999993,6230.400000000001,5149.099999999999,344.5,237.1,376.90000000000003
NORTH,1953,5840.2,276.19999999999993,5063.500000000001,3832.2999999999993,6230.400000000001,195.9,83.1,237.1
NORTH,1954,5296.299999999999,496.70000000000005,5840.2,5063.500000000001,3832.2999999999993,276.19999999999993,344.5,83.1
NORTH,1955,5793.0,1702.5000000000002,5296.299999999999,5840.2,5063.500000000001,496.70000000000005,195.9,344.5
NORTH,1956,5567.5,1624.1999999999998,5793.0,5296.299999999999,5840.2,1702.5000000000002,276.19999999999993,195.9
NORTH,1957,5320.4,823.8000000000001,5567.5,5793.0,5296.299999999999,1624.1999999999998,496.70000000000005,276.19999999999993
NORTH,1958,6225.799999999999,885.5,5320.4,5567.5,5793.0,823.8000000000001,1702.5000000000002,496.70000000000005
NORTH,1959,5432.6,677.6,6225.799999999999,5320.4,5567.5,885.5,1624.1999999999998,1702.5000000000002
NORTH,1960,5417.200000000001,608.3000000000001,5432.6,6225.799999999999,5320.4,677.6,823.8000000000001,1624.1999999999998
NORTH,1961,5870.299999999999,874.4000000000001,5417.200000000001,5432.6,6225.799999999999,608.3000000000001,885.5,823.8000000000001
NORTH,1962,5486.0,362.6,5870.299999999999,5417.200000000001,5432.6,874.4000000000001,677.6,885.5
NORTH,1963,5132.400000000001,469.4,5486.0,5870.299999999999,5417.200000000001,362.6,608.3000000000001,677.6
NORTH,1964,5841.6,195.29999999999998,5132.400000000001,5486.0,5870.299999999999,469.4,874.4000000000001,608.3000000000001
NORTH,1965,3288.3999999999996,291.3,5841.6,5132.400000000001,5486.0,195.29999999999998,362.6,874.4000000000001
NORTH,1966,5173.299999999999,342.80000000000007,3288.3999999999996,5841.6,5132.400000000001,291.3,469.4,362.6
NORTH,1967,5853.8,778.5,5173.299999999999,3288.3999999999996,5841.6,342.80000000000007,195.29999999999998,469.4
NORTH,1968,4243.1,403.29999999999995,5853.8,5173.299999999999,3288.3999999999996,778.5,291.3,195.29999999999998
NORTH,1969,4976.0,149.89999999999998,4243.1,5853.8,5173.299999999999,403.29999999999995,342.80000000000007,291.3
NORTH,1970,4905.799999999999,173.5,4976.0,4243.1,5853.8,149.89999999999998,778.5,342.80000000000007
NORTH,1971,5644.4,371.50000000000006,4905.799999999999,4976.0,4243.1,173.5,403.29999999999995,778.5
NORTH,1972,3472.3999999999996,499.6,5644.4,4905.799999999999,4976.0,371.50000000000006,149.89999999999998,403.29999999999995
NORTH,1973,4613.1,441.0,3472.3999999999996,5644.4,4905.799999999999,499.6,173.5,149.89999999999998
NORTH,1974,3799.0000000000005,420.50000000000006,4613.1,3472.3999999999996,5644.4,441.0,371.50000000000006,173.5
NORTH,1975,5800.7,147.60000000000002,3799.0000000000005,4613.1,3472.3999999999996,420.50000000000006,499.6,371.50000000000006
NORTH,1976,4874.5,116.6,5800.7,3799.0000000000005,4613.1,147.60000000000002,441.0,499.6
NORTH,1977,5241.299999999999,482.9,4874.5,5800.7,3799.0000000000005,116.6,420.50000000000006,441.0
NORTH,1978,6217.8,291.4,5241.299999999999,4874.5,5800.7,482.9,147.60000000000002,420.50000000000006
NORTH,1979,2922.2,376.9,6217.8,5241.299999999999,4874.5,291.4,116.6,147.60000000000002
NORTH,1980,5567.2,462.1,2922.2,6217.8,5241.299999999999,376.9,482.9,116.6
NORTH,1981,4338.0,348.5,5567.2,2922.2,6217.8,462.1,291.4,482.9
NORTH,1982,3885.2000000000003,535.0,4338.0,5567.2,2922.2,348.5,376.9,291.4
NORTH,1983,5119.2,420.4,3885.2000000000003,4338.0,5567.2,535.0,462.1,376.9
NORTH,1984,5010.3,258.79999999999995,5119.2,3885.2000000000003,4338.0,420.4,348.5,462.1
NORTH,1985,5315.5,1292.9,5010.3,5119.2,3885.2000000000003,258.79999999999995,535.0,348.5
NORTH,1986,4337.7,877.4,5315.5,5010.3,5119.2,1292.9,420.4,535.0
NORTH,1987,2783.1000000000004,433.0,4337.7,5315.5,5010.3,877.4,258.79999999999995,420.4
NORTH,1988,7087.599999999999,461.7,2783.1000000000004,4337.7,5315.5,433.0,1292.9,258.79999999999995
NORTH,1989,4428.8,435.20000000000005,7087.599999999999,2783.1000000000004,4337.7,461.7,877.4,1292.9
NORTH,1990,5442.4,685.2,4428.8,7087.599999999999,2783.1000000000004,435.20000000000005,433.0,877.4
NORTH,1991,4141.7,264.3,5442.4,4428.8,7087.599999999999,685.2,461.7,433.0
NORTH,1992,4652.9,347.29999999999995,4141.7,5442.4,4428.8,264.3,435.20000000000005,461.7
NORTH,1993,4878.8,120.9,4652.9,4141.7,5442.4,347.29999999999995,685.2,435.20000000000005
NORTH,1994,5477.000000000001,402.8,4878.8,4652.9,4141.7,120.9,264.3,685.2
NORTH,1995,6115.3,231.7,5477.000000000001,4878.8,4652.9,402.8,347.29999999999995,264.3
NORTH,1996,5481.599999999999,373.9,6115.3,5477.000000000001,4878.8,231.7,120.9,347.29999999999995
NORTH,1997,3715.1000000000004,769.7,5481.599999999999,6115.3,5477.000000000001,373.9,402.8,120.9
NORTH,1998,4415.3,447.30000000000007,3715.1000000000004,5481.599999999999,6115.3,769.7,231.7,402.8
NORTH,1999,4407.8,260.90000000000003,4415.3,3715.1000000000004,5481.599999999999,447.30000000000007,373.9,231.7
NORTH,2000,4808.9,110.9,4407.8,4415.3,3715.1000000000004,260.90000000000003,769.7,373.9
NORTH,2001,4588.5,289.79999999999995,4808.9,4407.8,4415.3,110.9,447.30000000000007,769.7
NORTH,2002,3677.2,129.7,4588.5,4808.9,4407.8,289.79999999999995,260.90000000000003,447.30000000000007
NORTH,2003,5247.000000000001,272.4,3677.2,4588.5,4808.9,129.7,110.9,260.90000000000003
NORTH,2004,3507.7999999999997,566.5,5247.000000000001,3677.2,4588.5,272.4,289.79999999999995,110.9
NORTH,2005,4511.8,96.5,3507.7999999999997,5247.000000000001,3677.2,566.5,129.7,289.79999999999995
NORTH,2006,4167.6,467.79999999999995,4511.8,3507.7999999999997,5247.000000000001,96.5,272.4,129.7
NORTH,2007,4464.900000000001,186.29999999999998,4167.6,4511.8,3507.7999999999997,467.79999999999995,566.5,272.4
NORTH,2008,5357.799999999999,316.59999999999997,4464.900000000001,4167.6,4511.8,186.29999999999998,96.5,566.5
NORTH,2009,3137.6,475.1,5357.799999999999,4464.900000000001,4167.6,316.59999999999997,467.79999999999995,96.5
NORTH,2010,5041.099999999999,295.4,3137.6,5357.799999999999,4464.900000000001,475.1,186.29999999999998,467.79999999999995
NORTH,2011,5005.6,83.5,5041.099999999999,3137.6,5357.799999999999,295.4,316.59999999999997,186.29999999999998
NORTH,2012,3961.8,160.4,5005.6,5041.099999999999,3137.6,83.5,475.1,316.59999999999997
NORTH,2013,5057.9,381.79999999999995,3961.8,5005.6,5041.099999999999,160.4,295.4,475.1
NORTH,2014,3308.8,361.9,5057.9,3961.8,5005.6,381.79999999999995,83.5,295.4
NORTH,2015,3642.4000000000005,293.9,3308.8,5057.9,3961.8,361.9,160.4,83.5
SOUTH,1901,9785.400000000001,3820.1,3642.4000000000005,3308.8,5057.9,293.9,381.79999999999995,160.4
SOUTH,1902,11906.5,4288.900000000001,9785.400000000001,3642.4000000000005,3308.8,3820.1,361.9,381.79999999999995
SOUTH,1903,12372.3,3894.9999999999995,11906.5,9785.400000000001,3642.4000000000005,4288.900000000001,293.9,361.9
SOUTH,1904,10382.1,2168.6000000000004,12372.3,11906.5,9785.400000000001,3894.9999999999995,3820.1,293.9
SOUTH,1905,9329.5,2701.4,10382.1,12372.3,11906.5,2168.6000000000004,4288.900000000001,3820.1
SOUTH,1906,10736.3,3037.7000000000003,9329.5,10382.1,12372.3,2701.4,3894.9999999999995,4288.900000000001
SOUTH,1907,11180.4,3370.4,10736.3,9329.5,10382.1,3037.7000000000003,2168.6000000000004,3894.9999999999995
SOUTH,1908,12337.5,2062.9999999999995,11180.4,10736.3,9329.5,3370.4,2701.4,2168.6000000000004
SOUTH,1909,9122.199999999999,1576.2,12337.5,11180.4,10736.3,2062.9999999999995,3037.7000000000003,2701.4
SOUTH,1910,11339.8,3731.9,9122.199999999999,12337.5,11180.4,1576.2,3370.4,3037.7000000000003
SOUTH,1911,9145.8,3384.2,11339.8,9122.199999999999,12337.5,3731.9,2062.9999999999995,3370.4
SOUTH,1912,11293.600000000002,3335.4000000000005,9145.8,11339.8,9122.199999999999,3384.2,1576.2,2062.9999999999995
SOUTH,1913,9219.599999999999,3018.2,11293.600000000002,9145.8,11339.8,3335.4000000000005,3731.9,1576.2
SOUTH,1914,12457.5,3422.5,9219.599999999999,11293.600000000002,9145.8,3018.2,3384.2,3731.9
SOUTH,1915,10144.800000000001,3841.8999999999996,12457.5,9219.599999999999,11293.600000000002,3422.5,3335.4000000000005,3384.2
SOUTH,1916,11927.900000000001,3994.9,10144.800000000001,12457.5,9219.599999999999,3841.8999999999996,3018.2,3335.4000000000005
SOUTH,1917,11274.2,3443.1999999999994,11927.900000000001,10144.800000000001,12457.5,3994.9,3422.5,3018.2
SOUTH,1918,6253.900000000001,2848.3,11274.2,11927.900000000001,10144.800000000001,3443.1999999999994,3841.8999999999996,3422.5
SOUTH,1919,9904.3,3980.3,6253.900000000001,11274.2,11927.900000000001,2848.3,3994.9,3841.8999999999996
SOUTH,1920,9984.4,3440.0,9904.3,6253.900000000001,11274.2,3980.3,3443.1999999999994,3994.9
SOUTH,1921,10500.4,2910.1,9984.4,9904.3,6253.900000000001,3440.0,2848.3,3443.1999999999994
SOUTH,1922,10343.5,3958.5,10500.4,9984.4,9904.3,2910.1,3980.3,2848.3
SOUTH,1923,12689.400000000001,2325.5,10343.5,10500.4,9984.4,3958.5,3440.0,3980.3
SOUTH,1924,13173.6,2720.9000000000005,12689.400000000001,10343.5,10500.4,2325.5,2910.1,3440.0
SOUTH,1925,10472.2,3849.8999999999996,13173.6,12689.400000000001,10343.5,2720.9000000000005,3958.5,2910.1
SOUTH,1926,10845.899999999998,2508.4,10472.2,13173.6,12689.400000000001,3849.8999999999996,2325.5,3958.5
SOUTH,1927,10520.099999999999,2657.6,10845.899999999998,10472.2,13173.6,2508.4,2720.9000000000005,2325.5
SOUTH,1928,9961.199999999999,3457.1999999999994,10520.099999999999,10845.899999999998,10472.2,2657.6,3849.8999999999996,2720.9000000000005
SOUTH,1929,10718.8,3115.7,9961.199999999999,10520.099999999999,10845.899999999998,3457.1999999999994,2508.4,3849.8999999999996
SOUTH,1930,9623.699999999999,4044.8,10718.8,9961.199999999999,10520.099999999999,3115.7,2657.6,2508.4
SOUTH,1931,12097.099999999999,3558.9999999999995,9623.699999999999,10718.8,9961.199999999999,4044.8,3457.1999999999994,2657.6
SOUTH,1932,10388.6,4224.200000000001,12097.099999999999,9623.699999999999,10718.8,3558.9999999999995,3115.7,3457.1999999999994
SOUTH,1933,12930.0,3549.3,10388.6,12097.099999999999,9623.699999999999,4224.200000000001,4044.8,3115.7
SOUTH,1934,10755.3,2690.7,12930.0,10388.6,12097.099999999999,3549.3,3558.9999999999995,4044.8
SOUTH,1935,10415.399999999998,2973.1,10755.3,12930.0,10388.6,2690.7,4224.200000000001,3558.9999999999995
SOUTH,1936,11073.5,3096.1,10415.399999999998,10755.3,12930.0,2973.1,3549.3,4224.200000000001
SOUTH,1937,10220.5,3813.1,11073.5,10415.399999999998,10755.3,3096.1,2690.7,3549.3
SOUTH,1938,11608.999999999998,2341.5,10220.5,11073.5,10415.399999999998,3813.1,2973.1,2690.7
SOUTH,1939,9609.1,3729.0999999999995,11608.999999999998,10220.5,11073.5,2341.5,3096.1,2973.1
SOUTH,1940,11491.4,3817.8,9609.1,11608.999999999998,10220.5,3729.0999999999995,3813.1,3096.1
SOUTH,1941,9336.5,3287.7,11491.4,9609.1,11608.999999999998,3817.8,2341.5,3813.1
SOUTH,1942,11237.500000000002,2780.3,9336.5,11491.4,9609.1,3287.7,3729.0999999999995,2341.5
SOUTH,1943,8929.800000000001,3292.9,11237.500000000002,9336.5,11491.4,2780.3,3817.8,3729.0999999999995
SOUTH,1944,8067.4,3375.1000000000004,8929.800000000001,11237.500000000002,9336.5,3292.9,3287.7,3817.8
SOUTH,1945,8668.7,2089.8,8067.4,8929.800000000001,11237.500000000002,3375.1000000000004,2780.3,3287.7
SOUTH,1946,11810.2,4268.8,8668.7,8067.4,8929.800000000001,2089.8,3292.9,2780.3
SOUTH,1947,12911.5,2093.1,11810.2,8668.7,8067.4,4268.8,3375.1000000000004,3292.9
SOUTH,1948,9108.0,2661.9,12911.5,11810.2,8668.7,2093.1,2089.8,3375.1000000000004
SOUTH,1949,12424.399999999998,2266.6000000000004,9108.0,12911.5,11810.2,2661.9,4268.8,2089.8
SOUTH,1950,11530.0,2293.0,12424.399999999998,9108.0,12911.5,2266.6000000000004,2093.1,4268.8
SOUTH,1951,10682.599999999999,3003.9,11530.0,12424.399999999998,9108.0,2293.0,2661.9,2093.1
SOUTH,1952,8694.599999999999,3182.0,10682.599999999999,11530.0,12424.399999999998,3003.9,2266.6000000000004,2661.9
SOUTH,1953,11420.100000000002,3631.3,8694.599999999999,10682.599999999999,11530.0,3182.0,2293.0,2266.6000000000004
SOUTH,1954,12635.9,2610.8,11420.100000000002,8694.599999999999,10682.599999999999,3631.3,3003.9,2293.0
SOUTH,1955,10972.0,3574.7,12635.9,11420.100000000002,8694.599999999999,2610.8,3182.0,3003.9
SOUTH,1956,11003.6,3949.9999999999995,10972.0,12635.9,11420.100000000002,3574.7,3631.3,3182.0
SOUTH,1957,10631.8,3054.6,11003.6,10972.0,12635.9,3949.9999999999995,2610.8,3631.3
SOUTH,1958,11438.200000000003,3137.5,10631.8,11003.6,10972.0,3054.6,3574.7,2610.8
SOUTH,1959,14251.4,2605.2999999999997,11438.200000000003,10631.8,11003.6,3137.5,3949.9999999999995,3574.7
SOUTH,1960,10512.8,3263.1,14251.4,11438.200000000003,10631.8,2605.2999999999997,3054.6,3949.9999999999995
SOUTH,1961,14761.3,3262.9999999999995,10512.8,14251.4,11438.200000000003,3263.1,3137.5,3054.6
SOUTH,1962,11576.900000000001,3812.2,14761.3,10512.8,14251.4,3262.9999999999995,2605.2999999999997,3137.5
SOUTH,1963,10807.5,3252.7999999999997,11576.900000000001,14761.3,10512.8,3812.2,3263.1,2605.2999999999997
SOUTH,1964,12262.3,2859.1999999999994,10807.5,11576.900000000001,14761.3,3252.7999999999997,3262.9999999999995,3263.1
SOUTH,1965,9847.0,2885.8999999999996,12262.3,10807.5,11576.900000000001,2859.1999999999994,3812.2,3262.9999999999995
SOUTH,1966,9876.699999999999,4242.1,9847.0,12262.3,10807.5,2885.8999999999996,3252.7999999999997,3812.2
SOUTH,1967,10949.7,2259.8,9876.699999999999,9847.0,12262.3,4242.1,2859.1999999999994,3252.7999999999997
SOUTH,1968,11620.0,2459.4,10949.7,9876.699999999999,9847.0,2259.8,2885.8999999999996,2859.1999999999994
SOUTH,1969,10223.8,3755.9000000000005,11620.0,10949.7,9876.699999999999,2459.4,4242.1,2885.8999999999996
SOUTH,1970,12146.8,2943.7999999999997,10223.8,11620.0,10949.7,3755.9000000000005,2259.8,4242.1
SOUTH,1971,10892.8,2892.8,12146.8,10223.8,11620.0,2943.7999999999997,2459.4,2259.8
SOUTH,1972,9394.3,3881.3999999999996,10892.8,12146.8,10223.8,2892.8,3755.9000000000005,2459.4
SOUTH,1973,10653.8,3345.1999999999994,9394.3,10892.8,12146.8,3881.3999999999996,2943.7999999999997,3755.9000000000005
SOUTH,1974,10977.5,2643.9999999999995,10653.8,9394.3,10892.8,3345.1999999999994,2892.8,2943.7999999999997
SOUTH,1975,13546.800000000001,3907.8,10977.5,10653.8,9394.3,2643.9999999999995,3881.3999999999996,2892.8
SOUTH,1976,9903.0,3422.4999999999995,13546.800000000001,10977.5,10653.8,3907.8,3345.1999999999994,3881.3999999999996
SOUTH,1977,10310.5,4285.200000000001,9903.0,13546.800000000001,10977.5,3422.4999999999995,2643.9999999999995,3345.1999999999994
SOUTH,1978,12661.3,3046.6,10310.5,9903.0,13546.800000000001,4285.200000000001,3907.8,2643.9999999999995
SOUTH,1979,10267.1,3198.3000000000006,12661.3,10310.5,9903.0,3046.6,3422.4999999999995,3907.8
SOUTH,1980,11727.400000000001,2964.5999999999995,10267.1,12661.3,10310.5,3198.3000000000006,4285.200000000001,3422.4999999999995
SOUTH,1981,13121.4,2725.4999999999995,11727.400000000001,10267.1,12661.3,2964.5999999999995,3046.6,4285.200000000001
SOUTH,1982,11106.699999999999,2486.2999999999997,13121.4,11727.400000000001,10267.1,2725.4999999999995,3198.3000000000006,3046.6
SOUTH,1983,13308.9,2774.4000000000005,11106.699999999999,13121.4,11727.400000000001,2486.2999999999997,2964.5999999999995,3198.3000000000006
SOUTH,1984,10171.199999999999,3017.0,13308.9,11106.699999999999,13121.4,2774.4000000000005,2725.4999999999995,2964.5999999999995
SOUTH,1985,9725.599999999999,2829.8,10171.199999999999,13308.9,11106.699999999999,3017.0,2486.2999999999997,2725.4999999999995
SOUTH,1986,9960.500000000002,2435.0,9725.599999999999,10171.199999999999,13308.9,2829.8,2774.4000000000005,2486.2999999999997
SOUTH,1987,8789.099999999999,4472.0,9960.500000000002,9725.599999999999,10171.199999999999,2435.0,3017.0,2774.4000000000005
SOUTH,1988,12941.7,1964.4,8789.099999999999,9960.500000000002,9725.599999999999,4472.0,2829.8,3017.0
SOUTH,1989,11408.000000000002,2139.8999999999996,12941.7,8789.099999999999,9960.500000000002,1964.4,2435.0,2829.8
SOUTH,1990,10220.400000000001,3191.7999999999997,11408.000000000002,12941.7,8789.099999999999,2139.8999999999996,4472.0,2435.0
SOUTH,1991,12396.8,2947.0,10220.400000000001,11408.000000000002,12941.7,3191.7999999999997,1964.4,4472.0
SOUTH,1992,11689.8,3056.0,12396.8,10220.400000000001,11408.000000000002,2947.0,2139.8999999999996,1964.4
SOUTH,1993,10032.400000000001,4059.4999999999995,11689.8,12396.8,10220.400000000001,3056.0,3191.7999999999997,2139.8999999999996
SOUTH,1994,12702.199999999999,3564.3,10032.400000000001,11689.8,12396.8,4059.4999999999995,2947.0,3191.7999999999997
SOUTH,1995,11384.0,3018.1,12702.199999999999,10032.400000000001,11689.8,3564.3,3056.0,2947.0
SOUTH,1996,11915.1,3534.600000000001,11384.0,12702.199999999999,10032.400000000001,3018.1,4059.4999999999995,3056.0
SOUTH,1997,12590.899999999998,3716.0,11915.1,11384.0,12702.199999999999,3534.600000000001,3564.3,4059.4999999999995
SOUTH,1998,12510.600000000002,4240.0,12590.899999999998,11915.1,11384.0,3716.0,3018.1,3564.3
SOUTH,1999,9916.2,3490.4999999999995,12510.600000000002,12590.899999999998,11915.1,4240.0,3534.600000000001,3018.1
SOUTH,2000,10747.8,2393.7999999999997,9916.2,12510.600000000002,12590.899999999998,3490.4999999999995,3716.0,3534.600000000001
SOUTH,2001,9794.7,2853.9000000000005,10747.8,9916.2,12510.600000000002,2393.7999999999997,4240.0,3716.0
SOUTH,2002,7834.3,2824.7999999999997,9794.7,10747.8,9916.2,2853.9000000000005,3490.4999999999995,4240.0
SOUTH,2003,9569.9,2659.7999999999997,7834.3,9794.7,10747.8,2824.7999999999997,2393.7999999999997,3490.4999999999995
SOUTH,2004,9511.499999999998,2384.2,9569.9,7834.3,9794.7,2659.7999999999997,2853.9000000000005,2393.7999999999997
SOUTH,2005,11850.4,4214.700000000001,9511.499999999998,9569.9,7834.3,2384.2,2824.7999999999997,2853.9000000000005
SOUTH,2006,11014.4,2856.9,11850.4,9511.499999999998,9569.9,4214.700000000001,2659.7999999999997,2824.7999999999997
SOUTH,2007,14148.699999999999,2904.2000000000003,11014.4,11850.4,9511.499999999998,2856.9,2384.2,2659.7999999999997
SOUTH,2008,10700.199999999999,2943.4,14148.699999999999,11014.4,11850.4,2904.2000000000003,4214.700000000001,2384.2
SOUTH,2009,10996.800000000001,3173.6,10700.199999999999,14148.699999999999,11014.4,2943.4,2856.9,4214.700000000001
SOUTH,2010,12214.0,4794.999999999999,10996.800000000001,10700.199999999999,14148.699999999999,3173.6,2904.2000000000003,2856.9
SOUTH,2011,12084.400000000001,2744.7,12214.0,10996.800000000001,10700.199999999999,4794.999999999999,2943.4,2904.2000000000003
SOUTH,2012,10684.699999999999,2755.2000000000003,12084.400000000001,12214.0,10996.800000000001,2744.7,3173.6,2943.4
SOUTH,2013,13228.7,3276.2999999999997,10684.699999999999,12084.400000000001,12214.0,2755.2000000000003,4794.999999999999,3173.6
SOUTH,2014,10908.6,2956.2999999999997,13228.7,10684.699999999999,12084.400000000001,3276.2999999999997,2744.7,4794.999999999999
SOUTH,2015,9690.6,3817.3999999999996,10908.6,13228.7,10684.699999999999,2956.2999999999997,2755.2000000000003,2744.7
WEST,1901,7982.599999999999,283.1,9690.6,10908.6,13228.7,3817.3999999999996,3276.2999999999997,2755.2000000000003
WEST,1902,7976.8,759.4,7982.599999999999,9690.6,10908.6,283.1,2956.2999999999997,3276.2999999999997
WEST,1903,9434.499999999998,755.1,7976.8,7982.599999999999,9690.6,759.4,3817.3999999999996,2956.2999999999997
WEST,1904,7085.200000000001,443.0,9434.499999999998,7976.8,7982.599999999999,755.1,283.1,3817.3999999999996
WEST,1905,6333.199999999999,187.7,7085.200000000001,9434.499999999998,7976.8,443.0,759.4,283.1
WEST,1906,9341.5,214.1,6333.199999999999,7085.200000000001,9434.499999999998,187.7,755.1,759.4
WEST,1907,8525.999999999998,77.3,9341.5,6333.199999999999,7085.200000000001,214.1,443.0,755.1
WEST,1908,10360.599999999999,85.50000000000001,8525.999999999998,9341.5,6333.199999999999,77.3,187.7,443.0
WEST,1909,9540.8,329.59999999999997,10360.599999999999,8525.999999999998,9341.5,85.50000000000001,214.1,187.7
WEST,1910,9714.900000000001,780.6,9540.8,10360.599999999999,8525.999999999998,329.59999999999997,77.3,214.1
WEST,1911,6531.0,448.80000000000007,9714.900000000001,9540.8,10360.599999999999,780.6,85.50000000000001,77.3
WEST,1912,8860.7,583.0,6531.0,9714.900000000001,9540.8,448.80000000000007,329.59999999999997,85.50000000000001
WEST,1913,8712.8,311.5,8860.7,6531.0,9714.900000000001,583.0,780.6,329.59999999999997
WEST,1914,10839.2,281.6,8712.8,8860.7,6531.0,311.5,448.80000000000007,780.6
WEST,1915,7410.7,1011.2,10839.2,8712.8,8860.7,281.6,583.0,448.80000000000007
WEST,1916,10896.999999999998,1230.8,7410.7,10839.2,8712.8,1011.2,311.5,583.0
WEST,1917,11775.2,1687.2,10896.999999999998,7410.7,10839.2,1230.8,281.6,311.5
WEST,1918,4899.7,229.9,11775.2,10896.999999999998,7410.7,1687.2,1011.2,281.6
WEST,1919,9937.699999999999,679.4,4899.7,11775.2,10896.999999999998,229.9,1230.8,1011.2
WEST,1920,6472.900000000001,86.1,9937.699999999999,4899.7,11775.2,679.4,1687.2,1230.8
WEST,1921,9426.300000000001,210.9,6472.900000000001,9937.699999999999,4899.7,86.1,229.9,1687.2
WEST,1922,8835.5,692.9,9426.300000000001,6472.900000000001,9937.699999999999,210.9,679.4,229.9
WEST,1923,8976.4,99.00000000000001,8835.5,9426.300000000001,6472.900000000001,692.9,86.1,679.4
WEST,1924,8853.1,578.6,8976.4,8835.5,9426.300000000001,99.00000000000001,210.9,86.1
WEST,1925,7238.500000000001,535.6,8853.1,8976.4,8835.5,578.6,692.9,210.9
WEST,1926,10919.0,267.59999999999997,7238.500000000001,8853.1,8976.4,535.6,99.00000000000001,692.9
WEST,1927,9425.100000000002,1183.4,10919.0,7238.500000000001,8853.1,267.59999999999997,578.6,99.00000000000001
WEST,1928,8832.800000000001,877.6,9425.100000000002,10919.0,7238.500000000001,1183.4,535.6,578.6
WEST,1929,7826.199999999998,514.5,8832.800000000001,9425.100000000002,10919.0,877.6,267.59999999999997,535.6
WEST,1930,8837.300000000001,652.5999999999999,7826.199999999998,8832.800000000001,9425.100000000002,514.5,1183.4,267.59999999999997
WEST,1931,10625.7,1911.2000000000003,8837.300000000001,7826.199999999998,8832.800000000001,652.5999999999999,877.6,1183.4
WEST,1932,9301.699999999999,723.7,10625.7,8837.300000000001,7826.199999999998,1911.2000000000003,514.5,877.6
WEST,1933,11208.9,716.9,9301.699999999999,10625.7,8837.300000000001,723.7,652.5999999999999,514.5
WEST,1934,10730.0,513.2,11208.9,9301.699999999999,10625.7,716.9,1911.2000000000003,652.5999999999999
WEST,1935,9171.1,412.1,10730.0,11208.9,9301.699999999999,513.2,723.7,1911.2000000000003
WEST,1936,8492.9,955.1999999999998,9171.1,10730.0,11208.9,412.1,716.9,723.7
WEST,1937,10022.5,711.5,8492.9,9171.1,10730.0,955.1999999999998,513.2,716.9
WEST,1938,9911.9,1011.9,10022.5,8492.9,9171.1,711.5,412.1,513.2
WEST,1939,8005.5999999999985,258.09999999999997,9911.9,10022.5,8492.9,1011.9,955.1999999999998,412.1
WEST,1940,9657.6,832.1999999999999,8005.5999999999985,9911.9,10022.5,258.09999999999997,711.5,955.1999999999998
WEST,1941,7183.400000000001,161.3,9657.6,8005.5999999999985,9911.9,832.1999999999999,1011.9,711.5
WEST,1942,11341.8,256.9,7183.400000000001,9657.6,8005.5999999999985,161.3,258.09999999999997,1011.9
WEST,1943,9399.7,823.9,11341.8,7183.400000000001,9657.6,256.9,832.1999999999999,258.09999999999997
WEST,1944,11140.699999999997,665.6,9399.7,11341.8,7183.400000000001,823.9,161.3,832.1999999999999
WEST,1945,10854.6,192.4,11140.699999999997,9399.7,11341.8,665.6,256.9,161.3
WEST,1946,10605.6,1064.1,10854.6,11140.699999999997,9399.7,192.4,823.9,256.9
WEST,1947,9965.1,266.0,10605.6,10854.6,11140.699999999997,1064.1,665.6,823.9
WEST,1948,9040.199999999999,1118.9,9965.1,10605.6,10854.6,266.0,192.4,665.6
WEST,1949,9801.399999999998,593.8,9040.199999999999,9965.1,10605.6,1118.9,1064.1,192.4
WEST,1950,9423.7,343.09999999999997,9801.399999999998,9040.199999999999,9965.1,593.8,266.0,1064.1
WEST,1951,7457.000000000001,778.8,9423.7,9801.399999999998,9040.199999999999,343.09999999999997,1118.9,266.0
WEST,1952,8186.700000000001,313.6,7457.000000000001,9423.7,9801.399999999998,778.8,593.8,1118.9
WEST,1953,10046.599999999999,448.7,8186.700000000001,7457.000000000001,9423.7,313.6,343.09999999999997,593.8
WEST,1954,11267.599999999999,219.2,10046.599999999999,8186.700000000001,7457.000000000001,448.7,778.8,343.09999999999997
WEST,1955,11083.8,1175.5,11267.599999999999,10046.599999999999,8186.700000000001,219.2,313.6,778.8
WEST,1956,11076.0,1367.1000000000001,11083.8,11267.599999999999,10046.599999999999,1175.5,448.7,313.6
WEST,1957,8812.900000000001,423.7,11076.0,11083.8,11267.599999999999,1367.1000000000001,219.2,448.7
WEST,1958,11242.4,683.7,8812.900000000001,11076.0,11083.8,423.7,1175.5,219.2
WEST,1959,12065.600000000002,1013.4000000000001,11242.4,8812.900000000001,11076.0,683.7,1367.1000000000001,1175.5
WEST,1960,8645.800000000001,519.1,12065.600000000002,11242.4,8812.900000000001,1013.4000000000001,423.7,1367.1000000000001
WEST,1961,11779.1,1074.8000000000002,8645.800000000001,12065.600000000002,11242.4,519.1,683.7,423.7
WEST,1962,9314.1,633.8,11779.1,8645.800000000001,12065.600000000002,1074.8000000000002,1013.4000000000001,683.7
WEST,1963,9883.6,663.4,9314.1,11779.1,8645.800000000001,633.8,519.1,1013.4000000000001
WEST,1964,9928.9,369.1,9883.6,9314.1,11779.1,663.4,1074.8000000000002,519.1
WEST,1965,7841.2,210.40000000000003,9928.9,9883.6,9314.1,369.1,633.8,1074.8000000000002
WEST,1966,7406.099999999999,504.8,7841.2,9928.9,9883.6,210.40000000000003,663.4,633.8
WEST,1967,9473.6,792.1999999999999,7406.099999999999,7841.2,9928.9,504.8,369.1,663.4
WEST,1968,7611.0,356.4,9473.6,7406.099999999999,7841.2,792.1999999999999,210.40000000000003,369.1
WEST,1969,9751.9,284.1,7611.0,9473.6,7406.099999999999,356.4,504.8,210.40000000000003
WEST,1970,11665.3,225.2,9751.9,7611.0,9473.6,284.1,792.1999999999999,504.8
WEST,1971,9045.6,493.6,11665.3,9751.9,7611.0,225.2,356.4,792.1999999999999
WEST,1972,6330.4,244.70000000000002,9045.6,11665.3,9751.9,493.6,284.1,356.4
WEST,1973,10717.199999999999,631.9000000000001,6330.4,9045.6,11665.3,244.70000000000002,225.2,284.1
WEST,1974,7343.5,1023.9000000000001,10717.199999999999,6330.4,9045.6,631.9000000000001,493.6,225.2
WEST,1975,11646.3,949.4000000000001,7343.5,10717.199999999999,6330.4,1023.9000000000001,244.70000000000002,493.6
WEST,1976,10598.000000000002,475.80000000000007,11646.3,7343.5,10717.199999999999,949.4000000000001,631.9000000000001,244.70000000000002
WEST,1977,10290.300000000001,858.5,10598.000000000002,11646.3,7343.5,475.80000000000007,1023.9000000000001,631.9000000000001
WEST,1978,9572.3,652.5999999999999,10290.300000000001,10598.000000000002,11646.3,858.5,949.4000000000001,1023.9000000000001
WEST,1979,8368.0,866.5,9572.3,10290.300000000001,10598.000000000002,652.5999999999999,475.80000000000007,949.4000000000001
WEST,1980,9577.5,319.2,8368.0,9572.3,10290.300000000001,866.5,858.5,475.80000000000007
WEST,1981,9757.600000000002,634.4000000000001,9577.5,8368.0,9572.3,319.2,652.5999999999999,858.5
WEST,1982,7917.4,770.3,9757.600000000002,9577.5,8368.0,634.4000000000001,866.5,652.5999999999999
WEST,1983,11866.999999999998,616.4000000000001,7917.4,9757.600000000002,9577.5,770.3,319.2,866.5
WEST,1984,8084.9,466.59999999999997,11866.999999999998,7917.4,9757.600000000002,616.4000000000001,634.4000000000001,319.2
WEST,1985,7452.299999999999,1056.2,8084.9,11866.999999999998,7917.4,466.59999999999997,770.3,634.4000000000001
WEST,1986,7365.500000000001,274.09999999999997,7452.299999999999,8084.9,11866.999999999998,1056.2,616.4000000000001,770.3
WEST,1987,6694.0,954.6000000000001,7365.500000000001,7452.299999999999,8084.9,274.09999999999997,466.59999999999997,616.4000000000001
WEST,1988,11048.0,330.9,6694.0,7365.500000000001,7452.299999999999,954.6000000000001,1056.2,466.59999999999997
WEST,1989,9014.9,222.7,11048.0,6694.0,7365.500000000001,330.9,274.09999999999997,1056.2
WEST,1990,10899.199999999999,907.6,9014.9,11048.0,6694.0,222.7,954.6000000000001,274.09999999999997
WEST,1991,8386.1,122.10000000000001,10899.199999999999,9014.9,11048.0,907.6,330.9,954.6000000000001
WEST,1992,9430.599999999999,433.59999999999997,8386.1,10899.199999999999,9014.9,122.10000000000001,222.7,330.9
WEST,1993,9543.800000000001,903.8000000000001,9430.599999999999,8386.1,10899.199999999999,433.59999999999997,907.6,222.7
WEST,1994,11882.099999999999,439.4,9543.800000000001,9430.599999999999,8386.1,903.8000000000001,122.10000000000001,907.6
WEST,1995,8321.9,703.5999999999999,11882.099999999999,9543.800000000001,9430.599999999999,439.4,433.59999999999997,122.10000000000001
WEST,1996,8970.9,827.6,8321.9,11882.099999999999,9543.800000000001,703.5999999999999,903.8000000000001,433.59999999999997
WEST,1997,9290.8,1350.7,8970.9,8321.9,11882.099999999999,827.6,439.4,903.8000000000001
WEST,1998,9376.6,1258.8,9290.8,8970.9,8321.9,1350.7,703.5999999999999,439.4
WEST,1999,8464.0,934.5,9376.6,9290.8,8970.9,1258.8,827.6,703.5999999999999
WEST,2000,8015.5,217.0,8464.0,9376.6,9290.8,934.5,1350.7,827.6
WEST,2001,8129.699999999999,763.8,8015.5,8464.0,9376.6,217.0,1258.8,1350.7
WEST,2002,7397.1,288.2,8129.699999999999,8015.5,8464.0,763.8,934.5,1258.8
WEST,2003,10138.7,197.0,7397.1,8129.699999999999,8015.5,288.2,217.0,934.5
WEST,2004,8865.0,379.6,10138.7,7397.1,8129.699999999999,197.0,763.8,217.0
WEST,2005,11135.800000000001,365.1,8865.0,10138.7,7397.1,379.6,288.2,763.8
WEST,2006,11243.7,496.80000000000007,11135.800000000001,8865.0,10138.7,365.1,197.0,288.2
WEST,2007,10407.9,151.5,11243.7,11135.800000000001,8865.0,496.80000000000007,379.6,197.0
WEST,2008,9278.5,263.4,10407.9,11243.7,11135.800000000001,151.5,365.1,379.6
WEST,2009,7342.700000000001,1288.2,9278.5,10407.9,11243.7,263.4,496.80000000000007,365.1
WEST,2010,11253.699999999999,902.3,7342.700000000001,9278.5,10407.9,1288.2,151.5,496.80000000000007
WEST,2011,11111.5,218.79999999999998,11253.699999999999,7342.700000000001,9278.5,902.3,263.4,151.5
WEST,2012,8966.9,421.00000000000006,11111.5,11253.699999999999,7342.700000000001,218.79999999999998,1288.2,263.4
WEST,2013,11756.099999999999,786.6,8966.9,11111.5,11253.699999999999,421.00000000000006,902.3,1288.2
WEST,2014,7972.900000000001,380.5,11756.099999999999,8966.9,11111.5,786.6,218.79999999999998,902.3
WEST,2015,7308.099999999999,281.0,7972.900000000001,11756.099999999999,8966.9,380.5,421.00000000000006,218.79999999999998
